﻿<?xml version="1.0" encoding="utf-8"?><Search><pages Count="9"><page Index="1"><![CDATA[STOCK OF COLOR CARD
  BOARS AND PAPERS]]></page><page Index="2"><![CDATA[ALL TYPE OF CARFT PAITS]]></page><page Index="3"><![CDATA[PRINT INK AND
TONER AND RIBBON]]></page><page Index="4"><![CDATA[Point of sale

Till Rolls and swipe rolls
 and marking gun roll.]]></page><page Index="5"><![CDATA[Printing
 Paper]]></page><page Index="6"><![CDATA[info@stationery4all.co.za
sales@ stationery4all.co.za
shafiq@ stationery4all.co.za
order@ stationery4all.co.za
print@ stationery4all.co.za

quotation@ stationery4all.co.za]]></page><page Index="7"><![CDATA[WE ALSO DO FOLLOWING SERVICES

 Copying            Photo Farms
 Typing             Certificates Farms
 Scanning           Digital Photo Prints
 Printing           Id , Passport Photo
 Laminating         Invitation Cards
 Book Binding       Birth Day Cards
 Letter Heads       Wedding Cards
 Business Cards     Labels Print
 Pamphlets          Vinyl Print
 Posters Print      Banner Print
 Internet Service   Rubber Stamps
 Name bags
                    ]]></page><page Index="8"><![CDATA[]]></page><page Index="9"><![CDATA[We also make Rubber stamps]]></page></pages></Search>